{"cameraMode":{"drawMode":0,"name":"Shaded","section":"Shading Mode"},"sceneLighting":true,"audioPlay":false,"sceneViewState":{"m_AlwaysRefresh":false,"showFog":true,"showSkybox":true,"showFlares":true,"showImageEffects":true,"showParticleSystems":true,"showVisualEffectGraphs":true,"m_FxEnabled":true},"in2DMode":false,"pivot":{"x":24.178775787353517,"y":-7.711240768432617,"z":1.4934108257293702},"rotation":{"x":0.13907603919506074,"y":0.7354960441589356,"z":-0.15884055197238923,"w":0.6438868641853333},"size":12.12435531616211,"orthographic":false}