{"cameraMode":{"drawMode":0,"name":"Shaded","section":"Shading Mode"},"sceneLighting":false,"audioPlay":false,"sceneViewState":{"m_AlwaysRefresh":false,"showFog":true,"showSkybox":false,"showFlares":true,"showImageEffects":true,"showParticleSystems":true,"showVisualEffectGraphs":true,"m_FxEnabled":true},"in2DMode":false,"pivot":{"x":-0.863712728023529,"y":-2.0683300495147707,"z":1.1686354875564576},"rotation":{"x":0.3138362467288971,"y":-0.004548560827970505,"z":0.0014947927556931973,"w":0.9495410919189453},"size":0.7799224853515625,"orthographic":false}