{"cameraMode":{"drawMode":0,"name":"Shaded","section":"Shading Mode"},"sceneLighting":false,"audioPlay":false,"sceneViewState":{"m_AlwaysRefresh":false,"showFog":true,"showSkybox":false,"showFlares":true,"showImageEffects":true,"showParticleSystems":true,"showVisualEffectGraphs":true,"m_FxEnabled":true},"in2DMode":false,"pivot":{"x":-1.6564745903015137,"y":-1.9167311191558838,"z":1.0438915491104127},"rotation":{"x":0.28219524025917055,"y":0.4375786781311035,"z":-0.14683043956756593,"w":0.8411135673522949},"size":0.5687882900238037,"orthographic":false}