{"cameraMode":{"drawMode":0,"name":"Shaded","section":"Shading Mode"},"sceneLighting":false,"audioPlay":false,"sceneViewState":{"m_AlwaysRefresh":false,"showFog":true,"showSkybox":false,"showFlares":true,"showImageEffects":true,"showParticleSystems":true,"showVisualEffectGraphs":true,"m_FxEnabled":true},"in2DMode":false,"pivot":{"x":-1.160590648651123,"y":-2.5351033210754396,"z":2.5001394748687746},"rotation":{"x":-0.17979353666305543,"y":-0.46095147728919985,"z":0.09592383354902268,"w":-0.8637627363204956},"size":1.2114267349243165,"orthographic":false}